item,standard,size,qty_per_set,notes
Black-Oxide Alloy Steel Hex Drive Flat Head Screw,,,5,from the Onshape assembly
Hex nut grade A & B M2x0.4,,M2,4,from the Onshape assembly
Hex socket countersunk head screw M2x0.4 x 5,ISO 10642,M2x5,4,from the Onshape assembly
Hexalobular socket pan head screw M2.5x0.45 x 10,ISO 14583,M2.5x10,4,from the Onshape assembly
Hexalobular socket pan head screw M2.5x0.45 x 6,ISO 14583,M2.5x6,16,from the Onshape assembly
Hexalobular socket pan head screw M2x0.40 x 20,ISO 14583,M2x20,4,from the Onshape assembly
Hexalobular socket pan head screw M2x0.40 x 6,ISO 14583,M2x6,17,from the Onshape assembly
m2 pressnut,,,4,from the Onshape assembly
m2.5 pressnut,,,6,from the Onshape assembly
softmount m2,,,8,from the Onshape assembly
